{"0.9": 81.86149999674214, "0.9500000000000001": 82.82499999677412, "1.0": 83.76329999680527, "1.05": 84.67639999683558, "1.1": 85.56429999686506, "1.1500000000000001": 86.42729999689371, "1.2000000000000002": 87.26539999692153, "1.2500000000000002": 88.07899999694854, "1.3000000000000003": 88.86839999697474, "1.3500000000000003": 89.63379999700015, "1.4000000000000004": 90.37559999702478, "1.4500000000000004": 91.09419999704863, "1.5000000000000004": 91.79009999707174, "1.5500000000000005": 92.4636999970941, "1.6000000000000005": 93.11539999711573, "1.6500000000000006": 93.74579999713666, "1.7000000000000006": 94.35529999715689, "1.7500000000000007": 94.94449999717645, "1.8000000000000007": 95.51369999719535, "1.8500000000000008": 96.0635999972136, "1.9000000000000008": 96.59459999723123, "1.9500000000000008": 97.10719999724824, "2.000000000000001": 97.60189999726467, "2.0500000000000007": 98.07919999728051, "2.1000000000000005": 98.5395999972958, "2.1500000000000004": 98.98359999731053, "2.2": 99.41169999732475, "2.25": 99.82419999733844, "2.3": 100.22169999735164, "2.3499999999999996": 100.60449999736434, "2.3999999999999995": 100.97319999737658, "2.4499999999999993": 101.32809999738836, "2.499999999999999": 101.6696999973997, "2.549999999999999": 101.99829999741061, "2.5999999999999988": 102.3142999974211, "2.6499999999999986": 102.61809999743119, "2.6999999999999984": 102.91009999744088, "2.7499999999999982": 103.19059999745019, "2.799999999999998": 103.45989999745913, "2.849999999999998": 103.71839999746771, "2.8999999999999977": 103.96639999747595, "2.9499999999999975": 104.20419999748384, "2.9999999999999973": 104.4320999974914, "3.049999999999997": 104.65039999749865, "3.099999999999997": 104.85929999750559, "3.149999999999997": 105.05919999751222, "3.1999999999999966": 105.25019999751856, "3.2499999999999964": 105.43269999752462, "3.2999999999999963": 105.6067999975304, "3.349999999999996": 105.77289999753592, "3.399999999999996": 105.93109999754117, "3.4499999999999957": 106.08159999754616, "3.4999999999999956": 106.22469999755091, "3.5499999999999954": 106.36049999755542, "3.599999999999995": 106.4892999975597, "3.649999999999995": 106.61109999756374, "3.699999999999995": 106.72629999756757, "3.7499999999999947": 106.83499999757117, "3.7999999999999945": 106.93729999757457, "3.8499999999999943": 107.03339999757776, "3.899999999999994": 107.12339999758075, "3.949999999999994": 107.20759999758354, "3.999999999999994": 107.28599999758615, "4.049999999999994": 107.35869999758856, "4.099999999999993": 107.4259999975908, "4.149999999999993": 107.48779999759284, "4.199999999999993": 107.54449999759473, "4.249999999999993": 107.59599999759644, "4.299999999999993": 107.64239999759798, "4.3499999999999925": 107.68399999759936, "4.399999999999992": 107.72069999760058, "4.449999999999992": 107.75269999760164, "4.499999999999992": 107.78009999760255, "4.549999999999992": 107.80299999760331, "4.599999999999992": 107.82139999760392, "4.6499999999999915": 107.83539999760438, "4.699999999999991": 107.8450999976047, "4.749999999999991": 107.85069999760489, "4.799999999999991": 107.85199999760493, "4.849999999999991": 107.84939999760485, "4.899999999999991": 107.84259999760462, "4.94999999999999": 107.83199999760427, "4.99999999999999": 107.81739999760379, "5.04999999999999": 107.79909999760318, "5.09999999999999": 107.77689999760244, "5.14999999999999": 107.75099999760158, "5.1999999999999895": 107.7213999976006, "5.249999999999989": 107.6881999975995, "5.299999999999989": 107.65129999759827, "5.349999999999989": 107.61089999759693, "5.399999999999989": 107.56699999759547, "5.449999999999989": 107.5194999975939, "5.4999999999999885": 107.46859999759221, "5.549999999999988": 107.4141999975904, "5.599999999999988": 107.35639999758848, "5.649999999999988": 107.29529999758645, "5.699999999999988": 107.23069999758431, "5.749999999999988": 107.16269999758205, "5.799999999999987": 107.09139999757969, "5.849999999999987": 107.01679999757721, "5.899999999999987": 106.93879999757462, "5.949999999999987": 106.85739999757192, "5.999999999999987": 106.77279999756911, "6.0499999999999865": 106.68469999756618, "6.099999999999986": 106.59339999756315, "6.149999999999986": 106.49869999756001, "6.199999999999986": 106.40059999755675, "6.249999999999986": 106.29909999755338, "6.299999999999986": 106.1941999975499, "6.349999999999985": 106.0857999975463, "6.399999999999985": 105.97399999754259, "6.449999999999985": 105.85879999753877, "6.499999999999985": 105.73989999753482, "6.549999999999985": 105.61749999753076, "6.5999999999999845": 105.49149999752657, "6.649999999999984": 105.36179999752227, "6.699999999999984": 105.22829999751784, "6.749999999999984": 105.09109999751328, "6.799999999999984": 104.9499999975086, "6.849999999999984": 104.80489999750378, "6.8999999999999835": 104.65579999749883, "6.949999999999983": 104.50249999749374, "6.999999999999983": 104.34499999748851, "7.049999999999983": 104.18309999748314, "7.099999999999983": 104.01679999747762}